fold,f1_ID,bal_acc_ID,f1_OOD_or_JD,bal_acc_OOD_or_JD,Taxonomy
1,77.57520826963248,76.9073210445821,94.98736591602268,94.64125841403789,ID
2,76.09296721627423,75.34475192021016,94.32715288082683,93.94504422483361,ID
3,79.23514142272619,78.59280782529218,95.06111891822174,94.71662649411887,ID
4,75.54061323862479,74.82363725973215,94.43480922944426,94.03696900885186,ID
5,75.92674963495897,75.33604108874317,94.38310133524239,94.05384271594389,ID
