fold,f1_ID,bal_acc_ID,f1_OOD_or_JD,bal_acc_OOD_or_JD,Taxonomy
1,81.69302650433843,80.68911888797228,62.426788512146004,62.868454468844014,OOD
2,80.18405777005928,78.56034779717945,62.44157384494835,63.00511657557638,OOD
3,81.021290481721,79.9344861717852,62.33095752687136,62.74144328742369,OOD
4,79.46164628799689,77.94720571241075,62.37935929553397,62.88367984838743,OOD
5,79.92452743424636,78.1967140858301,62.14511445929828,62.538395579981156,OOD
