fold,f1_ID,bal_acc_ID,f1_OOD_or_JD,bal_acc_OOD_or_JD,Taxonomy
1,80.11727748244685,79.1184950609067,95.80331253371406,95.44582177801763,ID
2,77.67340656975352,76.45211548557324,95.10346934196276,94.55085494921482,ID
3,79.79115025806078,78.90184212956378,95.63335622301311,95.18568267667725,ID
4,78.00484945650655,76.89047662060278,95.27653209383398,94.79964287329969,ID
5,77.32285658636974,75.87188139931182,95.20442648842439,94.62004328510639,ID
