fold,f1_ID,bal_acc_ID,f1_OOD_or_JD,bal_acc_OOD_or_JD,Taxonomy
1,79.92009171838399,79.16778390652497,95.48127438421434,95.18469263361938,ID
2,81.81540553394723,80.83357339224064,95.79802889982632,95.4036187913569,ID
3,82.18979188283413,80.9899999212559,95.87542420200512,95.43758531981591,ID
4,81.0723310680078,79.8918769600991,95.76536360978393,95.35403471097078,ID
5,81.94823814534308,81.1380606153301,96.08334995089591,95.8540711058113,ID
