fold,f1_ID,bal_acc_ID,f1_OOD_or_JD,bal_acc_OOD_or_JD,Taxonomy
1,84.19004866736253,83.342544380076,96.67998825611241,96.51399307904262,JD
2,84.48306024851925,83.51559540128899,96.42206757064531,96.1043867951195,JD
3,84.80655680386197,83.82163510833365,96.45917815616768,96.08439540674367,JD
4,84.62795404652823,83.6419223721528,96.52988670654479,96.26767660710497,JD
5,83.1675327978711,81.90982488730056,96.31280570598827,95.96296400499443,JD
