fold,f1_ID,bal_acc_ID,f1_OOD_or_JD,bal_acc_OOD_or_JD,Taxonomy
1,82.45232621866214,81.88003269905005,96.06985855445106,95.9708468885093,JD
2,82.83325693411986,81.98659537463384,95.9004757509089,95.67332221024039,JD
3,83.02346937162751,82.09836832821631,96.04555413268288,95.72273557904603,JD
4,83.25506933142263,82.38595119638215,96.11023012683269,95.85934585520732,JD
5,82.19934013219714,81.21023465511365,96.21180390820422,95.95796811300629,JD
