fold,f1_ID,bal_acc_ID,f1_OOD_or_JD,bal_acc_OOD_or_JD,Taxonomy
1,78.69413405192441,78.03262568551,60.389817075075015,60.4300020849008,OOD
2,80.84416397628253,80.13629671851228,60.94862806969973,61.047858068503366,OOD
3,80.88085862422949,80.35069258802152,60.736186975308605,60.785551673339434,OOD
4,80.10199377567565,79.331356345501,60.713144908479386,60.58170428070122,OOD
5,79.65595542621273,79.40497710730244,60.4875712459364,60.58349934440274,OOD
