fold,f1_ID,bal_acc_ID,f1_OOD_or_JD,bal_acc_OOD_or_JD,Taxonomy
1,84.19004866736253,83.342544380076,96.14901895728748,95.93882374340332,JD
2,84.48306024851925,83.51559540128899,96.47938783553633,96.30437772396215,JD
3,84.80655680386197,83.82163510833365,96.40791720479282,96.18605324331452,JD
4,84.62795404652823,83.6419223721528,96.18693034555396,95.98162282309178,JD
5,83.1675327978711,81.90982488730056,96.18631340931924,95.97759452752796,JD
