fold,f1_ID,bal_acc_ID,f1_OOD_or_JD,bal_acc_OOD_or_JD,Taxonomy
1,81.32689087966214,79.81653957202745,65.56406218725463,64.95088292436225,OOD
2,83.79219811677854,82.458549978562,66.05464825970093,65.37362239650554,OOD
3,83.09347537326511,81.18085400724716,65.47953362751545,64.51976284464114,OOD
4,82.57782097385818,81.09330272976854,65.98951476545352,65.09233654588358,OOD
5,82.96039032318461,81.37170768583873,66.07019869218458,65.4318806184669,OOD
