fold,f1_ID,bal_acc_ID,f1_OOD_or_JD,bal_acc_OOD_or_JD,Taxonomy
1,82.45232621866214,81.88003269905005,95.73520585453336,95.46306543601969,JD
2,82.83325693411986,81.98659537463384,95.88985227643971,95.59674993019408,JD
3,83.02346937162751,82.09836832821631,95.86394862434298,95.69386184721164,JD
4,83.25506933142263,82.38595119638215,95.77890207932704,95.55177121159008,JD
5,82.19934013219714,81.21023465511365,95.61404791189277,95.4784563789863,JD
