fold,f1_ID,bal_acc_ID,f1_OOD_or_JD,bal_acc_OOD_or_JD,Taxonomy
1,80.11727748244685,79.1184950609067,60.373885407127446,61.252544122526395,OOD
2,77.67340656975352,76.45211548557324,60.39178164126672,61.207103395895444,OOD
3,79.79115025806078,78.90184212956378,60.49917452995746,61.341365424398234,OOD
4,78.00484945650655,76.89047662060278,60.17280523536439,61.04312250987283,OOD
5,77.32285658636974,75.87188139931182,60.57105064624515,61.26747952529436,OOD
