fold,f1_ID,bal_acc_ID,f1_OOD_or_JD,bal_acc_OOD_or_JD,Taxonomy
1,81.32689087966214,79.81653957202745,95.93761241340114,95.4309322317444,ID
2,83.79219811677854,82.458549978562,96.46839474479525,96.09576097638077,ID
3,83.09347537326511,81.18085400724716,96.24575654478397,95.62594038307999,ID
4,82.57782097385818,81.09330272976854,96.2654684003327,95.85206093045494,ID
5,82.96039032318461,81.37170768583873,96.38757404902563,95.9132241345543,ID
