Feature_Group,Total_Importance_Mean
L4_payload_length,0.3992418471414977
iat_micros,0.25972154029345346
packet_dir,0.06524847447167034
TCP_win_size,0.27578813809337854
