Feature_Group,Total_Importance_Mean
L4_payload_length,0.3737089385160071
iat_micros,0.2910217232286619
packet_dir,0.06355175482672026
TCP_win_size,0.2717175834286108
