Feature_Group,Total_Importance_Mean
L4_payload_length,0.3957908073110484
iat_micros,0.26419563765854853
packet_dir,0.06714508548756583
TCP_win_size,0.2728684695428373
