fold,f1_ID,bal_acc_ID,f1_OOD_or_JD,bal_acc_OOD_or_JD,Taxonomy
1,92.00684111516001,91.3759762958607,82.86660622891957,82.88774142373107,OOD
2,93.07706003697275,92.62271791626272,83.58970351654582,83.6329972908064,OOD
3,93.89017723028465,92.91691530224055,83.7301363800545,83.70986656849966,OOD
4,93.07171720797304,92.60392466431685,83.31187260912313,83.1984414119216,OOD
5,93.57602140929957,93.39142178010387,83.54299444601448,83.51724319508423,OOD
