fold,f1_ID,bal_acc_ID,f1_OOD_or_JD,bal_acc_OOD_or_JD,Taxonomy
1,92.13665706945,92.10514289793562,97.23189460969398,97.56865542879125,JD
2,91.37821050640801,90.98554499558304,97.3093281449668,97.55346381340857,JD
3,92.52714793929478,92.41139449032194,97.30720670420267,97.62984456557346,JD
4,91.61620184591143,91.37435160766233,97.08517115760509,97.36831513371081,JD
5,91.3395862146739,91.04144650515057,97.12410903666286,97.37618070046913,JD
