fold,f1_ID,bal_acc_ID,f1_OOD_or_JD,bal_acc_OOD_or_JD,Taxonomy
1,88.95668786452362,89.25719453148983,77.96780199716964,77.81931503329399,OOD
2,89.30234646371325,89.47835942210844,77.31103124947496,77.23459137982296,OOD
3,90.40200606338193,90.40577575547617,77.82342606506006,77.86029318668133,OOD
4,88.43753584767947,88.36992067147908,77.87069048012773,77.56499452164243,OOD
5,88.11470631282936,88.82249907416791,78.40887376220944,78.60715257420414,OOD
