fold,f1_ID,bal_acc_ID,f1_OOD_or_JD,bal_acc_OOD_or_JD,Taxonomy
1,90.44806545125259,89.45933442019587,97.17636508891344,97.1972485974874,ID
2,91.19432023269802,90.65653811228529,97.31592357925368,97.3979544246757,ID
3,91.50983900323584,90.31983243695659,97.32694452207211,97.32103402533593,ID
4,91.86410377680981,91.50730588553402,97.42210087288805,97.5736517834548,ID
5,91.11295364339863,90.45783736707797,97.42035076489177,97.51971072558217,ID
