fold,f1_ID,bal_acc_ID,f1_OOD_or_JD,bal_acc_OOD_or_JD,Taxonomy
1,92.13665706945,92.10514289793562,97.53471130659652,97.73007269174437,JD
2,91.37821050640801,90.98554499558304,97.26759801690531,97.34323250823132,JD
3,92.52714793929478,92.41139449032194,97.60820573360654,97.75487044416516,JD
4,91.61620184591143,91.37435160766233,97.47737909168096,97.64756917882484,JD
5,91.3395862146739,91.04144650515057,97.49615227447767,97.64559820522452,JD
