fold,f1_ID,bal_acc_ID,f1_OOD_or_JD,bal_acc_OOD_or_JD,Taxonomy
1,88.95668786452362,89.25719453148983,97.02119830913341,97.31587832960304,ID
2,89.30234646371325,89.47835942210844,96.79774442023894,97.15339171889563,ID
3,90.40200606338193,90.40577575547617,97.03386804876146,97.37163622953979,ID
4,88.43753584767947,88.36992067147908,96.65566689857249,96.95952028037436,ID
5,88.11470631282936,88.82249907416791,96.52737531094577,97.01220181487558,ID
