fold,f1_home,bal_acc_home,f1_univr,bal_acc_univr
1,0.9307142966748159,0.9223932954357108,0.7906719411665756,0.835207742080734
2,0.9290807707416983,0.9202565235674325,0.7912789823715434,0.8354897165220189
3,0.9212338251314499,0.9119266515823262,0.796747032380727,0.838687635073854
4,0.918443518748825,0.9095922379198768,0.7875985659442335,0.8309038222662375
5,0.9296828286997039,0.9245420109760571,0.7926340412000076,0.8355039910262506
