fold,f1_ID,bal_acc_ID,f1_OOD_or_JD,bal_acc_OOD_or_JD,Taxonomy
1,83.15925058969273,82.7857904858689,96.35943085523719,96.17726883168784,ID
2,82.95647730497039,82.02053778661336,96.0868583746499,95.69326313124732,ID
3,82.82198984288193,82.37264737110908,96.19091740027065,95.87684601647146,ID
4,81.10064628567845,80.23028975512396,95.83924299435499,95.4830552042639,ID
5,81.48616324817746,81.12788213262897,95.89828771091891,95.6474644464371,ID
