fold,f1_ID,bal_acc_ID,f1_OOD_or_JD,bal_acc_OOD_or_JD,Taxonomy
1,82.41276668568528,81.82680880991694,95.95413798244228,95.73132499641743,ID
2,84.58414050410052,83.9851699090415,96.31369146276558,96.03936791948223,ID
3,84.81114084500932,83.7531229694106,96.37775183719464,95.99821232162589,ID
4,83.90196010419419,83.10764274346269,96.2902964126226,96.00865506134791,ID
5,84.48800138963101,83.87771180494055,96.54889064985443,96.3963496965228,ID
