fold,f1_ID,bal_acc_ID,f1_OOD_or_JD,bal_acc_OOD_or_JD,Taxonomy
1,82.41276668568528,81.82680880991694,67.47970098690027,67.13105846918052,OOD
2,84.58414050410052,83.9851699090415,67.98312683456862,67.59707521769131,OOD
3,84.81114084500932,83.7531229694106,67.84997296646901,67.16183933957997,OOD
4,83.90196010419419,83.10764274346269,67.78006783809558,67.19170935521448,OOD
5,84.48800138963101,83.87771180494055,67.44475255103399,67.03491296663576,OOD
