fold,f1_ID,bal_acc_ID,f1_OOD_or_JD,bal_acc_OOD_or_JD,Taxonomy
1,83.15925058969273,82.7857904858689,65.19792285707166,66.42637121051894,OOD
2,82.95647730497039,82.02053778661336,65.39292270710743,66.40450054500818,OOD
3,82.82198984288193,82.37264737110908,65.41332333605517,66.48657598454987,OOD
4,81.10064628567845,80.23028975512396,65.27931772035481,66.20383974843507,OOD
5,81.48616324817746,81.12788213262897,65.67543369886315,66.71339433307745,OOD
