fold,f1_ID,bal_acc_ID,f1_OOD_or_JD,bal_acc_OOD_or_JD,Taxonomy
1,85.63988193563075,85.14705369773029,96.72582375345358,96.5706606256645,JD
2,85.4956037345574,84.92205450151698,96.32739788320877,96.09487535487582,JD
3,85.22693647872117,84.73586973547282,96.37573509575675,96.17131175025732,JD
4,86.18250494822335,85.77267460391784,96.59580653717765,96.44549664205049,JD
5,84.87071591278882,84.45042554274089,96.56934734547717,96.46451030843207,JD
