fold,f1_ID,bal_acc_ID,f1_OOD_or_JD,bal_acc_OOD_or_JD,Taxonomy
1,85.63988193563075,85.14705369773029,96.35292482034902,96.17836522259906,JD
2,85.4956037345574,84.92205450151698,96.52276303390366,96.38037664010923,JD
3,85.22693647872117,84.73586973547282,96.39177424647988,96.28394595580542,JD
4,86.18250494822335,85.77267460391784,96.52520871138664,96.37940171476897,JD
5,84.87071591278882,84.45042554274089,96.25024514439482,96.21564763729081,JD
