Feature_Group,Total_Importance_Mean
L4_payload_length,0.39564698564646467
iat_micros,0.29202063767158154
packet_dir,0.05320618742195992
TCP_win_size,0.25912618925999387
