Feature_Group,Total_Importance_Mean
L4_payload_length,0.4251587846605792
iat_micros,0.2564890267480209
packet_dir,0.055463070054785193
TCP_win_size,0.2628891185366146
