Feature_Group,Total_Importance_Mean
L4_payload_length,0.42668099778076657
iat_micros,0.25638540202460697
packet_dir,0.057887130018480074
TCP_win_size,0.25904647017614646
